"Zeitstempel","Wie alt bist du? / How old are you?","  Welches Geschlecht haben Sie? / What is your gender?  ","  Welchen h√∂chsten Bildungsabschluss haben Sie? / What is your highest level of education?  ","  Waren Sie vor dieser Umfrage √ºber KI-Avatare informiert, die Personen nachahmen? / Before this survey, were you aware of AI avatars replicating individuals?  ","  Waren Sie vor dieser Umfrage √ºber KI-Avatare informiert, die Personen verstorbene nachahmen? / Before this survey, were you aware of AI avatars replicating deceased individuals?  ","  Haben Sie bereits mit KI-Systemen oder Chatbots interagiert? / Have you ever interacted with AI/chatbots?  ","  Sollten Menschen KI-Avatare von sich selbst zu Lebzeiten erstellen d√ºrfen?
/ Should people be allowed to create AI avatars of themselves while alive?  ","  Glauben Sie, dass ein KI-Avatar die Pers√∂nlichkeit und Werte einer Person genau darstellen kann?
/ Do you believe an AI avatar can accurately represent a person‚Äôs personality and values?  ","  Was sollte ein KI-Avatar haben, um eine Person realistisch darzustellen? (Mehrfachauswahl)
/ Which features should an AI avatar have to be considered an accurate representation?  (Multiple Choice)","  Wie wohl f√ºhlen Sie sich mit der Idee, einen KI-Avatar eines Menschen zu erstellen?
/ How comfortable do you feel about creating an AI avatar of a person?  ","  Wie wohl f√ºhlen Sie sich mit der Idee, einen KI-Avatar eines verstorbenen Menschen zu erstellen?
/ How comfortable do you feel about creating an AI avatar of a deceased loved one?  ","  Welche Emotionen empfinden Sie beim Gedanken an die Interaktion mit einem solchen Avatar? (Mehrfachauswahl)
/ What emotions would you feel when interacting with such an avatar?  (Multiple Choice)","Wie wichtig ist die Zustimmung der Person vor Erstellung oder Nutzung eines KI-Avatars? /  How important is the person‚Äôs consent before creating or using an AI avatar? ","  Wie wichtig ist es, vor der Erstellung eines KI-Avatars die Zustimmung einer verstorbenen Person oder deren Familie einzuholen?
/ How important is obtaining consent of the 
deceased person or their family before creating an AI avatar?  ","  Was sollte passieren, wenn die Familie der verstorbenen Person die Erstellung oder Nutzung ablehnt?
/ What should happen if the family of the deceased does not approve of the AI being created?  ","  Tr√§gt die Erstellung von KI-Avataren zur Erinnerung an Verstorbenen bei oder schm√§lert sie diese?
/ Does creating AI avatars contribute to or detract from the memory of the deceased?  ","  Wie w√ºrde der Kontakt mit einem  KI-Avatar einer verstorbenen Person Ihren Trauerprozess beeinflussen?
/ How might interacting with an AI avatar of a deceased person affect your grieving process?  ","  Welche Richtlinien sollten f√ºr KI-Avatare gelten? (Mehrfachauswahl)
/ What guidelines should exist for AI avatars?  (Multiple Choice)","  Wie stellen Sie sich die Zukunft digitaler Verm√§chtnisse mit KI vor?
/ How do you envision the future of digital legacies with AI?  ","  W√ºrden Sie ein KI-Abbild Ihrer selbst nutzen, um in Zukunft zu kommunizieren?
/ Would you be open to using an AI avatar of yourself for future communication?  ","  W√ºrden Sie ein KI-Abbild Ihrer selbst als Verm√§chtnis nutzen? 
/ Would you be open to using an AI avatar of yourself as a legacy?  ","Weiterer input? // Any other thoughts?"
"2025/08/31 8:17:09 PM OESZ","25-34","","Mittlere Reife / High school","Ja/Yes","Nein/No","Ja/Yes","Ja /Yes","Eher nein / Rather no","Stimme / Voice;Gesicht / Appearance;Schreibstil / Writing style;Pers√∂nlichkeit / Personality;Erinnerungen / Memories;Werte & √úberzeugungen / Values & beliefs","4","2","Trost / Comfort;Nostalgie / Nostalgia;Freude / Joy","5","5","Avatar darf nicht erstellt werden / Should not be created","Tr√§gt bei / Contributes","Positiv / Positive","Zustimmung der Person / Consent of the individual","Verst√§rkte Nutzung / Increased use","Ja / Yes","Vielleicht / Maybe",""
"2025/08/31 9:32:44 PM OESZ","25-34","M√§nnlich / Male","Promotion / Doctorate","Ja/Yes","Ja/Yes","Ja/Yes","Nein / No","Eher nein / Rather no","Pers√∂nlichkeit / Personality;Erinnerungen / Memories;Werte & √úberzeugungen / Values & beliefs","1","1","Unbehagen / Discomfort","5","5","Avatar darf nicht erstellt werden / Should not be created","Tr√§gt bei / Contributes","Negativ / Negative","Zustimmung der Person / Consent of the individual","Verst√§rkte Nutzung / Increased use","Nein / No","Nein / No",""
"2025/08/31 9:32:55 PM OESZ","25-34","M√§nnlich / Male","Abitur / College entrance qualification","Ja/Yes","Ja/Yes","Ja/Yes","Ja /Yes","Eher nein / Rather no","Stimme / Voice;Gesicht / Appearance;Schreibstil / Writing style;Pers√∂nlichkeit / Personality;Erinnerungen / Memories;Werte & √úberzeugungen / Values & beliefs","3","4","Trost / Comfort;Verwirrung / Confusion;Freude / Joy;Traurigkeit / Sadness","5","5","Avatar darf nicht erstellt werden / Should not be created","Unsicher / Unsure","Unsicher / Unsure","Zustimmung der Person / Consent of the individual;Zustimmung der Familie / Consent of family;Datenschutz / Data protection;Keine kommerzielle Nutzung / No commercial use","Verst√§rkte Nutzung / Increased use","Vielleicht / Maybe","Vielleicht / Maybe",""
"2025/08/31 9:34:08 PM OESZ","25-34","M√§nnlich / Male","Mittlere Reife / High school","Ja/Yes","Ja/Yes","Ja/Yes","Unsicher / Unsure","Eher nein / Rather no","Stimme / Voice;Gesicht / Appearance;Schreibstil / Writing style;Pers√∂nlichkeit / Personality;Erinnerungen / Memories;Werte & √úberzeugungen / Values & beliefs","3","3","Verwirrung / Confusion;Unbehagen / Discomfort;Traurigkeit / Sadness","5","5","Avatar darf genutzt werden, wenn vorher Zustimmung der Person vorlag / Can be used if prior consent exists","Unsicher / Unsure","Unsicher / Unsure","Zustimmung der Person / Consent of the individual;Zustimmung der Familie / Consent of family;Datenschutz / Data protection;Zeitliche Begrenzung / Time limitation;Keine kommerzielle Nutzung / No commercial use","Es wird ein vor√ºbergehender Trend / It will be a temporary trend","Nein / No","Nein / No",""
"2025/08/31 9:39:21 PM OESZ","25-34","M√§nnlich / Male","Sonstiges/other","Ja/Yes","Ja/Yes","","Ja /Yes","Eher ja / Rather yes","Stimme / Voice;Schreibstil / Writing style;Pers√∂nlichkeit / Personality;Erinnerungen / Memories;Werte & √úberzeugungen / Values & beliefs","2","1","Trost / Comfort;Unbehagen / Discomfort","5","5","Avatar darf nicht erstellt werden / Should not be created","Tr√§gt bei / Contributes","Neutral","Zustimmung der Person / Consent of the individual;Zustimmung der Familie / Consent of family","Verst√§rkte Nutzung / Increased use","Ja / Yes","Vielleicht / Maybe",""
"2025/08/31 9:46:57 PM OESZ","25-34","M√§nnlich / Male","Master","Ja/Yes","Ja/Yes","Ja/Yes","Unsicher / Unsure","Unsicher / Unsure","Werte & √úberzeugungen / Values & beliefs","2","2","Verwirrung / Confusion;Unbehagen / Discomfort;Traurigkeit / Sadness","2","4","Avatar darf nicht genutzt werden / Should not be used","Unsicher / Unsure","Negativ / Negative","Zustimmung der Person / Consent of the individual;Zustimmung der Familie / Consent of family;Datenschutz / Data protection;Keine kommerzielle Nutzung / No commercial use","Es wird ein vor√ºbergehender Trend / It will be a temporary trend","Nein / No","Nein / No",""
"2025/08/31 9:49:34 PM OESZ","25-34","M√§nnlich / Male","Mittlere Reife / High school","Ja/Yes","Ja/Yes","Ja/Yes","Ja /Yes","Eher ja / Rather yes","Schreibstil / Writing style;Pers√∂nlichkeit / Personality;Erinnerungen / Memories;Werte & √úberzeugungen / Values & beliefs","4","2","Nostalgie / Nostalgia;Unbehagen / Discomfort;Traurigkeit / Sadness","5","5","Avatar darf nicht erstellt werden / Should not be created","Unsicher / Unsure","Negativ / Negative","Zustimmung der Person / Consent of the individual;Zustimmung der Familie / Consent of family;Datenschutz / Data protection;Zeitliche Begrenzung / Time limitation;Keine kommerzielle Nutzung / No commercial use","Verst√§rkte Nutzung / Increased use","Vielleicht / Maybe","Vielleicht / Maybe",":)"
"2025/09/01 12:06:41 AM OESZ","25-34","Weiblich / Female","Sonstiges/other","Ja/Yes","Nein/No","Ja/Yes","Unsicher / Unsure","Nein, auf keinen Fall / No, definitely not","Stimme / Voice;Gesicht / Appearance;Schreibstil / Writing style;Pers√∂nlichkeit / Personality;Erinnerungen / Memories;Werte & √úberzeugungen / Values & beliefs","1","1","Verwirrung / Confusion;Unbehagen / Discomfort","5","5","Avatar darf nicht erstellt werden / Should not be created","Schm√§lert / Detracts","Negativ / Negative","Zustimmung der Person / Consent of the individual;Datenschutz / Data protection;Zeitliche Begrenzung / Time limitation;Keine kommerzielle Nutzung / No commercial use","Begrenzte Nutzung / Limited use","Nein / No","Nein / No",""
"2025/09/01 12:16:35 AM OESZ","18-24","Weiblich / Female","Mittlere Reife / High school","Ja/Yes","Ja/Yes","Ja/Yes","Unsicher / Unsure","Eher nein / Rather no","Stimme / Voice;Gesicht / Appearance;Schreibstil / Writing style;Pers√∂nlichkeit / Personality;Erinnerungen / Memories;Werte & √úberzeugungen / Values & beliefs","1","1","Unbehagen / Discomfort","5","5","Avatar darf nicht erstellt werden / Should not be created","Schm√§lert / Detracts","Unsicher / Unsure","Zustimmung der Person / Consent of the individual;Zustimmung der Familie / Consent of family;Datenschutz / Data protection;Zeitliche Begrenzung / Time limitation;Keine kommerzielle Nutzung / No commercial use","Unsicher / Unsure","Vielleicht / Maybe","Nein / No",""
"2025/09/01 12:36:10 AM OESZ","25-34","Weiblich / Female","Mittlere Reife / High school","Ja/Yes","Nein/No","Ja/Yes","Ja /Yes","Unsicher / Unsure","Stimme / Voice;Gesicht / Appearance;Schreibstil / Writing style;Pers√∂nlichkeit / Personality;Erinnerungen / Memories;Werte & √úberzeugungen / Values & beliefs","5","3","Trost / Comfort;Nostalgie / Nostalgia;Freude / Joy;Traurigkeit / Sadness","5","5","Avatar darf genutzt werden, wenn vorher Zustimmung der Person vorlag / Can be used if prior consent exists","Tr√§gt bei / Contributes","Unsicher / Unsure","Zustimmung der Person / Consent of the individual;Datenschutz / Data protection;Keine kommerzielle Nutzung / No commercial use","Verst√§rkte Nutzung / Increased use","Ja / Yes","Ja / Yes",""
"2025/09/01 12:37:21 AM OESZ","50-64","Weiblich / Female","Bachelor","Ja/Yes","Nein/No","Ja/Yes","Nein / No","Nein, auf keinen Fall / No, definitely not","Stimme / Voice;Gesicht / Appearance;Schreibstil / Writing style;Pers√∂nlichkeit / Personality;Erinnerungen / Memories;Werte & √úberzeugungen / Values & beliefs;Intuition, spirituality, empathy, wisdom ","1","1","Annoyance ","5","5","Avatar darf nicht erstellt werden / Should not be created","Schm√§lert / Detracts","Negativ / Negative","Zustimmung der Person / Consent of the individual;Zustimmung der Familie / Consent of family;Datenschutz / Data protection;Zeitliche Begrenzung / Time limitation;Keine kommerzielle Nutzung / No commercial use","Unsicher / Unsure","Nein / No","Nein / No","Creating an avatar of a person for legacy interrupts the grieving process and stagnates life. It represents living in the past, not the present or for the future. It robs a person of healing through and with others who are present. As a legacy product, my question is- how does it impact the thought of allowing someone to rest in peace? 
A very thought provoking and relevant survey, thank you. "
"2025/09/01 6:01:24 AM OESZ","18-24","M√§nnlich / Male","Sonstiges/other","Ja/Yes","Ja/Yes","Ja/Yes","Nein / No","Eher nein / Rather no","Pers√∂nlichkeit / Personality;Erinnerungen / Memories;Werte & √úberzeugungen / Values & beliefs;Seele","2","1","Unbehagen / Discomfort;Traurigkeit / Sadness","5","5","Avatar darf nicht erstellt werden / Should not be created","Schm√§lert / Detracts","Unsicher / Unsure","Zustimmung der Person / Consent of the individual;Zustimmung der Familie / Consent of family;Datenschutz / Data protection;Keine kommerzielle Nutzung / No commercial use","Unsicher / Unsure","Nein / No","Nein / No","Nope"
"2025/09/01 7:30:55 AM OESZ","25-34","M√§nnlich / Male","Mittlere Reife / High school","Ja/Yes","Ja/Yes","Ja/Yes","Ja /Yes","Eher nein / Rather no","Stimme / Voice;Gesicht / Appearance;Schreibstil / Writing style;Pers√∂nlichkeit / Personality;Erinnerungen / Memories;Werte & √úberzeugungen / Values & beliefs;Intelligence","3","1","Unbehagen / Discomfort;Traurigkeit / Sadness","1","1","Unsicher / Unsure","Unsicher / Unsure","Negativ / Negative","Zustimmung der Person / Consent of the individual;Zustimmung der Familie / Consent of family;Datenschutz / Data protection;Zeitliche Begrenzung / Time limitation;Keine kommerzielle Nutzung / No commercial use","Verst√§rkte Nutzung / Increased use","Vielleicht / Maybe","Vielleicht / Maybe","The use of AI chatbots for emotional support is increasing - any attempt to heavily regulate or ban the use of avatars would likely push the product into an unregulated (black) market.
I believe the current majority of people who benefit from and seek emotional support from AI chatbots are people who are either physically or mentally disabled, generally both.
There has recently been a large increase in AI Avatars as romantic partners. People who struggle to find or maintain a romantic relationship in the real world are finding comfort in a digital alternative. 
I believe the ""digital legacy"" will have a similar audience.
Where people who have mental disabilities will be the largest continual users of the service and people who are mentally sound may find comfort in short term or a single use.
To keep it short 
Using someones emotional distress to turn a profit is abhorrent but there are many theraeutic applications for the digital legacy that will beneficial. I have major concerns regarding security and privacy. Scam calls from dead loved ones will likely be a big issue in the future.
Hope this helps - Ant üêúüá¶üá∫"
"2025/09/01 7:54:02 AM OESZ","18-24","Weiblich / Female","Abitur / College entrance qualification","Ja/Yes","Ja/Yes","Ja/Yes","Nein / No","Eher nein / Rather no","Stimme / Voice;Gesicht / Appearance;Pers√∂nlichkeit / Personality;Erinnerungen / Memories;Werte & √úberzeugungen / Values & beliefs","2","1","Verwirrung / Confusion;Unbehagen / Discomfort;Traurigkeit / Sadness","5","5","Avatar darf nicht erstellt werden / Should not be created","Tr√§gt bei / Contributes","Unsicher / Unsure","Zustimmung der Person / Consent of the individual;Zustimmung der Familie / Consent of family;Datenschutz / Data protection;Zeitliche Begrenzung / Time limitation","Begrenzte Nutzung / Limited use","Nein / No","Nein / No",""
"2025/09/01 8:15:24 AM OESZ","35-49","Weiblich / Female","Master","Ja/Yes","Ja/Yes","Ja/Yes","Unsicher / Unsure","Eher nein / Rather no","Pers√∂nlichkeit / Personality;Erinnerungen / Memories;Werte & √úberzeugungen / Values & beliefs","3","3","Unbehagen / Discomfort;Freude / Joy","4","4","Avatar darf genutzt werden, wenn vorher Zustimmung der Person vorlag / Can be used if prior consent exists","Schm√§lert / Detracts","Unsicher / Unsure","Zustimmung der Person / Consent of the individual;Datenschutz / Data protection","Unsicher / Unsure","Nein / No","Nein / No",""
"2025/09/01 8:35:10 AM OESZ","65+","Weiblich / Female","Abitur / College entrance qualification","Ja/Yes","Nein/No","Nein/No","Nein / No","Eher nein / Rather no","Stimme / Voice;Pers√∂nlichkeit / Personality;Erinnerungen / Memories;Werte & √úberzeugungen / Values & beliefs","1","1","Unbehagen / Discomfort","5","5","Avatar darf nicht erstellt werden / Should not be created","Unsicher / Unsure","Negativ / Negative","Zustimmung der Person / Consent of the individual;Zustimmung der Familie / Consent of family;Datenschutz / Data protection;Keine kommerzielle Nutzung / No commercial use","Es wird ein vor√ºbergehender Trend / It will be a temporary trend","Nein / No","Nein / No",""
"2025/09/01 8:39:05 AM OESZ","25-34","Weiblich / Female","Mittlere Reife / High school","Ja/Yes","Ja/Yes","Ja/Yes","Ja /Yes","Eher ja / Rather yes","Stimme / Voice;Gesicht / Appearance;Pers√∂nlichkeit / Personality;Erinnerungen / Memories;Werte & √úberzeugungen / Values & beliefs","4","3","Nostalgie / Nostalgia;Verwirrung / Confusion;Unbehagen / Discomfort","5","4","Avatar darf nicht erstellt werden / Should not be created","Unsicher / Unsure","Negativ / Negative","Zustimmung der Person / Consent of the individual;Zustimmung der Familie / Consent of family;Keine kommerzielle Nutzung / No commercial use","Verst√§rkte Nutzung / Increased use","Vielleicht / Maybe","Vielleicht / Maybe",""
"2025/09/01 9:15:15 AM OESZ","25-34","Weiblich / Female","Mittlere Reife / High school","Ja/Yes","Ja/Yes","Ja/Yes","Ja /Yes","Eher ja / Rather yes","Schreibstil / Writing style;Pers√∂nlichkeit / Personality;Erinnerungen / Memories;Werte & √úberzeugungen / Values & beliefs","3","3","Nostalgie / Nostalgia","5","5","Avatar darf nicht genutzt werden / Should not be used","Tr√§gt bei / Contributes","Neutral","Zustimmung der Person / Consent of the individual;Zustimmung der Familie / Consent of family;Datenschutz / Data protection;Keine kommerzielle Nutzung / No commercial use","Verst√§rkte Nutzung / Increased use","Vielleicht / Maybe","Vielleicht / Maybe",""
"2025/09/01 9:19:23 AM OESZ","25-34","M√§nnlich / Male","Mittlere Reife / High school","Ja/Yes","Nein/No","Ja/Yes","Ja /Yes","Eher nein / Rather no","Schreibstil / Writing style;Pers√∂nlichkeit / Personality;Erinnerungen / Memories;Werte & √úberzeugungen / Values & beliefs","3","2","Unbehagen / Discomfort","5","5","Avatar darf nicht erstellt werden / Should not be created","Unsicher / Unsure","Unsicher / Unsure","Zustimmung der Person / Consent of the individual;Datenschutz / Data protection;Keine kommerzielle Nutzung / No commercial use","Begrenzte Nutzung / Limited use","Vielleicht / Maybe","Nein / No",""
"2025/09/01 9:53:48 AM OESZ","25-34","M√§nnlich / Male","Bachelor","Ja/Yes","Ja/Yes","Ja/Yes","Nein / No","Eher nein / Rather no","","1","1","Unbehagen / Discomfort","5","5","Avatar darf nicht erstellt werden / Should not be created","Schm√§lert / Detracts","Negativ / Negative","Zustimmung der Person / Consent of the individual;Zustimmung der Familie / Consent of family;Datenschutz / Data protection;Zeitliche Begrenzung / Time limitation;Keine kommerzielle Nutzung / No commercial use","Begrenzte Nutzung / Limited use","Nein / No","Nein / No",""
"2025/09/01 12:16:41 PM OESZ","18-24","Weiblich / Female","Abitur / College entrance qualification","Ja/Yes","Ja/Yes","Ja/Yes","Unsicher / Unsure","Nein, auf keinen Fall / No, definitely not","Stimme / Voice;Schreibstil / Writing style;Pers√∂nlichkeit / Personality;Erinnerungen / Memories;Werte & √úberzeugungen / Values & beliefs","1","1","Unbehagen / Discomfort;Traurigkeit / Sadness","5","5","Avatar darf nicht erstellt werden / Should not be created","Schm√§lert / Detracts","Negativ / Negative","Zustimmung der Person / Consent of the individual;Zustimmung der Familie / Consent of family;Datenschutz / Data protection;Keine kommerzielle Nutzung / No commercial use","Es wird ein vor√ºbergehender Trend / It will be a temporary trend","Nein / No","Nein / No",""
"2025/09/01 12:53:18 PM OESZ","35-49","Weiblich / Female","Bachelor","Nein/No","Nein/No","Ja/Yes","Ja /Yes","Eher ja / Rather yes","Stimme / Voice;Gesicht / Appearance;Schreibstil / Writing style;Pers√∂nlichkeit / Personality;Erinnerungen / Memories;Werte & √úberzeugungen / Values & beliefs","2","5","Nostalgie / Nostalgia;Verwirrung / Confusion","5","5","Avatar darf nicht genutzt werden / Should not be used","Tr√§gt bei / Contributes","Positiv / Positive","Zustimmung der Familie / Consent of family","Verst√§rkte Nutzung / Increased use","Ja / Yes","Ja / Yes",""
"2025/09/01 2:07:10 PM OESZ","18-24","Weiblich / Female","Bachelor","Ja/Yes","Ja/Yes","Ja/Yes","Ja /Yes","Eher nein / Rather no","Schreibstil / Writing style;Pers√∂nlichkeit / Personality;Erinnerungen / Memories;Werte & √úberzeugungen / Values & beliefs","5","1","Freude / Joy","5","5","Avatar darf nicht erstellt werden / Should not be created","Unsicher / Unsure","Unsicher / Unsure","Zustimmung der Person / Consent of the individual;Zustimmung der Familie / Consent of family;Datenschutz / Data protection","Verst√§rkte Nutzung / Increased use","Ja / Yes","Vielleicht / Maybe",""
"2025/09/01 2:21:29 PM OESZ","35-49","M√§nnlich / Male","Master","Ja/Yes","Ja/Yes","Ja/Yes","Ja /Yes","Eher nein / Rather no","Stimme / Voice;Gesicht / Appearance;Pers√∂nlichkeit / Personality;Erinnerungen / Memories;Werte & √úberzeugungen / Values & beliefs","4","4","Freude / Joy","5","5","Avatar darf nicht erstellt werden / Should not be created","Tr√§gt bei / Contributes","Neutral","Zustimmung der Person / Consent of the individual;Datenschutz / Data protection","Es wird ein vor√ºbergehender Trend / It will be a temporary trend","Ja / Yes","Ja / Yes","Aiaiaiaiai üòÅ"
"2025/09/01 2:25:12 PM OESZ","25-34","Divers / Non-binary / Other","Kein Abschluss / No degree","Ja/Yes","Ja/Yes","Ja/Yes","Nein / No","Nein, auf keinen Fall / No, definitely not","Stimme / Voice;Gesicht / Appearance;Schreibstil / Writing style;Pers√∂nlichkeit / Personality;Erinnerungen / Memories;Werte & √úberzeugungen / Values & beliefs","1","1","Verwirrung / Confusion;Unbehagen / Discomfort","5","5","Avatar darf nicht genutzt werden / Should not be used","Schm√§lert / Detracts","Negativ / Negative","Zustimmung der Person / Consent of the individual;Zustimmung der Familie / Consent of family;Datenschutz / Data protection;Zeitliche Begrenzung / Time limitation;Keine kommerzielle Nutzung / No commercial use","Unsicher / Unsure","Nein / No","Nein / No",""
"2025/09/01 2:46:16 PM OESZ","35-49","M√§nnlich / Male","Abitur / College entrance qualification","Ja/Yes","Ja/Yes","Ja/Yes","Ja /Yes","Unsicher / Unsure","Stimme / Voice;Gesicht / Appearance;Pers√∂nlichkeit / Personality;Erinnerungen / Memories;Werte & √úberzeugungen / Values & beliefs","3","2","Trost / Comfort;Nostalgie / Nostalgia;Freude / Joy;Traurigkeit / Sadness","5","3","Avatar darf genutzt werden, wenn vorher Zustimmung der Person vorlag / Can be used if prior consent exists","Tr√§gt bei / Contributes","Unsicher / Unsure","Zustimmung der Person / Consent of the individual;Datenschutz / Data protection;Keine kommerzielle Nutzung / No commercial use","Unsicher / Unsure","Vielleicht / Maybe","Vielleicht / Maybe",""
"2025/09/01 3:25:01 PM OESZ","25-34","M√§nnlich / Male","Bachelor","Ja/Yes","Nein/No","Ja/Yes","Ja /Yes","Eher ja / Rather yes","Stimme / Voice;Pers√∂nlichkeit / Personality;Erinnerungen / Memories","2","1","Verwirrung / Confusion;Unbehagen / Discomfort","5","5","Avatar darf nicht erstellt werden / Should not be created","Unsicher / Unsure","Negativ / Negative","Zustimmung der Person / Consent of the individual;Zustimmung der Familie / Consent of family;Keine kommerzielle Nutzung / No commercial use","Unsicher / Unsure","Nein / No","Nein / No"," Welche Richtlinien sollten f√ºr KI-Avatare gelten? (Mehrfachauswahl) : Falls es sich hierbei um eine Rolle/Charakter handelt, ist es wiederum f√ºr kommerzielle Nutzung bedienbar. (Influencer KI Avatar oder Schauspieler der die Rolle eines Charakters spielt.)"
"2025/09/01 3:30:04 PM OESZ","25-34","M√§nnlich / Male","Master","Ja/Yes","Ja/Yes","Ja/Yes","Ja /Yes","Unsicher / Unsure","Stimme / Voice;Schreibstil / Writing style;Pers√∂nlichkeit / Personality;Erinnerungen / Memories;Werte & √úberzeugungen / Values & beliefs","4","3","Nostalgie / Nostalgia","5","5","Avatar darf nicht erstellt werden / Should not be created","Tr√§gt bei / Contributes","Unsicher / Unsure","Zustimmung der Person / Consent of the individual;Zustimmung der Familie / Consent of family;Datenschutz / Data protection;Zeitliche Begrenzung / Time limitation;Keine kommerzielle Nutzung / No commercial use","Verst√§rkte Nutzung / Increased use","Ja / Yes","Ja / Yes",""
"2025/09/01 3:32:31 PM OESZ","65+","M√§nnlich / Male","Mittlere Reife / High school","Nein/No","Nein/No","Nein/No","Nein / No","Nein, auf keinen Fall / No, definitely not","Stimme / Voice;Erinnerungen / Memories;Werte & √úberzeugungen / Values & beliefs","1","1","Unbehagen / Discomfort;Traurigkeit / Sadness","5","4","Avatar darf nicht genutzt werden / Should not be used","Unsicher / Unsure","Negativ / Negative","Zustimmung der Person / Consent of the individual;Zustimmung der Familie / Consent of family;Datenschutz / Data protection;Zeitliche Begrenzung / Time limitation;Keine kommerzielle Nutzung / No commercial use","Es wird ein vor√ºbergehender Trend / It will be a temporary trend","Nein / No","Nein / No",""
"2025/09/01 4:11:16 PM OESZ","50-64","M√§nnlich / Male","Master","Ja/Yes","Ja/Yes","Ja/Yes","Ja /Yes","Eher nein / Rather no","Schreibstil / Writing style;Pers√∂nlichkeit / Personality;Erinnerungen / Memories;Werte & √úberzeugungen / Values & beliefs;must able to mimic the functions of the prefrontal cortex‚Äîthat is, to behave in the same way given the context of the interaction.","5","1","Verwirrung / Confusion;Unbehagen / Discomfort","5","5","Avatar darf nicht erstellt werden / Should not be created","Schm√§lert / Detracts","Negativ / Negative","Zustimmung der Person / Consent of the individual;Datenschutz / Data protection;Keine kommerzielle Nutzung / No commercial use","Unsicher / Unsure","Ja / Yes","Nein / No","Persons interacting with an avatar of someone else should (a) know it is an avatar and (b) understand the ""mandate"" the humans gave to the avatar. "
"2025/09/01 4:44:42 PM OESZ","65+","Weiblich / Female","Master","Ja/Yes","Ja/Yes","Nein/No","Ja /Yes","Unsicher / Unsure","Stimme / Voice;Gesicht / Appearance;Pers√∂nlichkeit / Personality;Werte & √úberzeugungen / Values & beliefs","3","3","Trost / Comfort;Nostalgie / Nostalgia","5","5","Avatar darf genutzt werden, wenn vorher Zustimmung der Person vorlag / Can be used if prior consent exists","Unsicher / Unsure","Neutral","Zustimmung der Person / Consent of the individual;Datenschutz / Data protection;Keine kommerzielle Nutzung / No commercial use","Verst√§rkte Nutzung / Increased use","Nein / No","Nein / No",""
"2025/09/01 4:50:36 PM OESZ","25-34","M√§nnlich / Male","Abitur / College entrance qualification","Ja/Yes","Ja/Yes","Ja/Yes","Nein / No","Nein, auf keinen Fall / No, definitely not","Schreibstil / Writing style;Pers√∂nlichkeit / Personality;Werte & √úberzeugungen / Values & beliefs","1","1","Unbehagen / Discomfort","5","5","Avatar darf nicht erstellt werden / Should not be created","Schm√§lert / Detracts","Negativ / Negative","Zustimmung der Person / Consent of the individual;Zustimmung der Familie / Consent of family;Datenschutz / Data protection;Zeitliche Begrenzung / Time limitation;Keine kommerzielle Nutzung / No commercial use","Verst√§rkte Nutzung / Increased use","Nein / No","Nein / No",""
"2025/09/01 4:51:01 PM OESZ","18-24","Weiblich / Female","Kein Abschluss / No degree","Ja/Yes","Nein/No","Ja/Yes","Ja /Yes","Eher ja / Rather yes","Stimme / Voice;Gesicht / Appearance;Schreibstil / Writing style;Pers√∂nlichkeit / Personality;Erinnerungen / Memories;Werte & √úberzeugungen / Values & beliefs","3","3","Nostalgie / Nostalgia;Traurigkeit / Sadness","4","3","Avatar darf genutzt werden, wenn vorher Zustimmung der Person vorlag / Can be used if prior consent exists","Tr√§gt bei / Contributes","Unsicher / Unsure","Zustimmung der Person / Consent of the individual;Keine kommerzielle Nutzung / No commercial use","Verst√§rkte Nutzung / Increased use","Ja / Yes","Vielleicht / Maybe",""
"2025/09/01 7:14:36 PM OESZ","18-24","Weiblich / Female","Mittlere Reife / High school","Ja/Yes","Ja/Yes","Ja/Yes","Ja /Yes","Unsicher / Unsure","Stimme / Voice;Pers√∂nlichkeit / Personality;Werte & √úberzeugungen / Values & beliefs","3","2","Traurigkeit / Sadness","4","5","Avatar darf nicht erstellt werden / Should not be created","Tr√§gt bei / Contributes","Negativ / Negative","Zustimmung der Person / Consent of the individual;Datenschutz / Data protection;Keine kommerzielle Nutzung / No commercial use","Verst√§rkte Nutzung / Increased use","Vielleicht / Maybe","Vielleicht / Maybe","Ich denke es w√§re wichtig Leute vor der Benutzung solcher KI Avataren richtig aufzukl√§ren also √ºber die negativen Auswirkungen, z.B. dass man schwerer √ºber den Tod der Person hinwegkommt "
"2025/09/01 8:14:28 PM OESZ","25-34","M√§nnlich / Male","Master","Ja/Yes","Nein/No","Ja/Yes","Ja /Yes","Unsicher / Unsure","Stimme / Voice;Gesicht / Appearance;Werte & √úberzeugungen / Values & beliefs","1","1","Unbehagen / Discomfort","5","5","Avatar darf genutzt werden, wenn vorher Zustimmung der Person vorlag / Can be used if prior consent exists","Unsicher / Unsure","Unsicher / Unsure","Zustimmung der Person / Consent of the individual;Datenschutz / Data protection;Keine kommerzielle Nutzung / No commercial use","Begrenzte Nutzung / Limited use","Nein / No","Nein / No",""
"2025/09/01 8:21:17 PM OESZ","25-34","Weiblich / Female","Abitur / College entrance qualification","Nein/No","Nein/No","Ja/Yes","Unsicher / Unsure","Unsicher / Unsure","Stimme / Voice;Gesicht / Appearance;Erinnerungen / Memories","3","1","Verwirrung / Confusion;Unbehagen / Discomfort","5","5","Avatar darf nicht erstellt werden / Should not be created","Unsicher / Unsure","Unsicher / Unsure","Zustimmung der Person / Consent of the individual;Zustimmung der Familie / Consent of family;Datenschutz / Data protection","Verst√§rkte Nutzung / Increased use","Vielleicht / Maybe","Vielleicht / Maybe",""
"2025/09/01 8:28:35 PM OESZ","25-34","M√§nnlich / Male","Mittlere Reife / High school","Nein/No","Nein/No","Ja/Yes","Ja /Yes","Ja, definitiv / Yes, definitely","Stimme / Voice;Gesicht / Appearance;Pers√∂nlichkeit / Personality;Werte & √úberzeugungen / Values & beliefs","5","5","Trost / Comfort;Nostalgie / Nostalgia;Freude / Joy","5","5","Avatar darf nicht erstellt werden / Should not be created","Tr√§gt bei / Contributes","Positiv / Positive","Zustimmung der Familie / Consent of family;Datenschutz / Data protection;Keine kommerzielle Nutzung / No commercial use","Verst√§rkte Nutzung / Increased use","Ja / Yes","Ja / Yes",""
"2025/09/01 9:51:49 PM OESZ","25-34","M√§nnlich / Male","Sonstiges/other","Ja/Yes","Nein/No","Ja/Yes","Ja /Yes","Unsicher / Unsure","Stimme / Voice;Pers√∂nlichkeit / Personality;Erinnerungen / Memories;Werte & √úberzeugungen / Values & beliefs","3","3","Nostalgie / Nostalgia;Verwirrung / Confusion","5","5","Avatar darf nicht genutzt werden / Should not be used","Unsicher / Unsure","Neutral","Zustimmung der Person / Consent of the individual;Zustimmung der Familie / Consent of family;Datenschutz / Data protection;Zeitliche Begrenzung / Time limitation;Keine kommerzielle Nutzung / No commercial use","Verst√§rkte Nutzung / Increased use","Ja / Yes","Ja / Yes","I hope you are having a wonderful day."
"2025/09/01 11:34:06 PM OESZ","25-34","Weiblich / Female","Mittlere Reife / High school","Ja/Yes","Ja/Yes","Ja/Yes","Ja /Yes","Eher ja / Rather yes","Stimme / Voice;Schreibstil / Writing style;Pers√∂nlichkeit / Personality;Erinnerungen / Memories;Werte & √úberzeugungen / Values & beliefs","4","4","Trost / Comfort;Nostalgie / Nostalgia;Unbehagen / Discomfort","5","5","Avatar darf genutzt werden, wenn vorher Zustimmung der Person vorlag / Can be used if prior consent exists","Tr√§gt bei / Contributes","Positiv / Positive","Zustimmung der Person / Consent of the individual;Zustimmung der Familie / Consent of family;Zeitliche Begrenzung / Time limitation;Keine kommerzielle Nutzung / No commercial use","Es wird verboten werden / It will be banned","Vielleicht / Maybe","Vielleicht / Maybe","Finds mega interessant und auch irgendwie toll, wenn das so m√∂glich w√§re, aber auch etwas gruselig (muss an die eine Black Mirror Folge denken, wo der Mann stirbt und sie sich dann ne KI von ihm holt; denke es kann bei gewissen Prozessen helfen, aber letztendlich wird man an irgendeinem Punkt merken, dass es nicht die echte Person ist, egal wie gut die KI wird)"
"2025/09/02 1:21:47 AM OESZ","25-34","M√§nnlich / Male","Abitur / College entrance qualification","Nein/No","Nein/No","Ja/Yes","Ja /Yes","Unsicher / Unsure","Stimme / Voice;Schreibstil / Writing style;Pers√∂nlichkeit / Personality;Erinnerungen / Memories;Werte & √úberzeugungen / Values & beliefs;Bei einer visuellen Darstellung: Mimiken, Gesten, etc.","4","4","Trost / Comfort;Nostalgie / Nostalgia;Freude / Joy;Traurigkeit / Sadness;Ist bestimmt eine Mischung aus Traurigkeit & Freude.","5","5","Avatar darf nicht erstellt werden / Should not be created","Unsicher / Unsure","Negativ / Negative","Zustimmung der Person / Consent of the individual;Zustimmung der Familie / Consent of family;Keine kommerzielle Nutzung / No commercial use","Verst√§rkte Nutzung / Increased use","Ja / Yes","Ja / Yes","Sowas ist bestimmt cool, sollte jedoch erst nach ablauf einer gewissen Zeit und/oder nach einem Gutachten einer Trauernden Person erlaubt werde.
Ich kann mir vorstellen, dass eine AI-Kopie eines Verstorbenen direkt nach dem Tod, die Angeh√∂rigen nicht richtig Trauern l√§sst. ""Er ist ja immernoch da""... irgendwie."
"2025/09/02 1:32:28 AM OESZ","25-34","M√§nnlich / Male","Abitur / College entrance qualification","Nein/No","Nein/No","Ja/Yes","Nein / No","Nein, auf keinen Fall / No, definitely not","Pers√∂nlichkeit / Personality","3","3","Unbehagen / Discomfort","5","4","Avatar darf nicht erstellt werden / Should not be created","Tr√§gt bei / Contributes","Neutral","Zeitliche Begrenzung / Time limitation","Es wird ein vor√ºbergehender Trend / It will be a temporary trend","Ja / Yes","Vielleicht / Maybe","keine"
"2025/09/02 2:02:30 AM OESZ","18-24","M√§nnlich / Male","Abitur / College entrance qualification","Ja/Yes","Nein/No","Ja/Yes","Ja /Yes","Unsicher / Unsure","Stimme / Voice;Gesicht / Appearance;Schreibstil / Writing style;Pers√∂nlichkeit / Personality;Erinnerungen / Memories;Werte & √úberzeugungen / Values & beliefs","2","1","Unbehagen / Discomfort;Traurigkeit / Sadness","5","5","Avatar darf nicht genutzt werden / Should not be used","Schm√§lert / Detracts","Negativ / Negative","Zustimmung der Person / Consent of the individual;Zustimmung der Familie / Consent of family;Datenschutz / Data protection;Zeitliche Begrenzung / Time limitation;Keine kommerzielle Nutzung / No commercial use","Begrenzte Nutzung / Limited use","Nein / No","Nein / No",""
"2025/09/02 2:03:48 AM OESZ","25-34","M√§nnlich / Male","Abitur / College entrance qualification","Ja/Yes","Nein/No","Ja/Yes","Ja /Yes","Nein, auf keinen Fall / No, definitely not","Stimme / Voice;Gesicht / Appearance;Schreibstil / Writing style;Pers√∂nlichkeit / Personality;Erinnerungen / Memories;Werte & √úberzeugungen / Values & beliefs;pers√∂nliche Entwicklung mit der Zeit, deshalb denke ich es geht nicht sinnvoll, weil niemand genau wei√ü, wie er in ein paar Jahren sein wird. Es kann immer nur eine Bestandsaufnahme des Jetzt und der Vergangenheit sein.","2","1","Unbehagen / Discomfort","5","5","Avatar darf nicht erstellt werden / Should not be created","Schm√§lert / Detracts","Negativ / Negative","Zustimmung der Person / Consent of the individual;Zustimmung der Familie / Consent of family;Datenschutz / Data protection","Begrenzte Nutzung / Limited use","Nein / No","Nein / No",""
"2025/09/02 2:06:45 AM OESZ","25-34","M√§nnlich / Male","Bachelor","Ja/Yes","Ja/Yes","Ja/Yes","Ja /Yes","Eher ja / Rather yes","Schreibstil / Writing style;Pers√∂nlichkeit / Personality;Erinnerungen / Memories;Werte & √úberzeugungen / Values & beliefs","4","2","Nostalgie / Nostalgia;Traurigkeit / Sadness","4","4","Avatar darf nicht erstellt werden / Should not be created","Unsicher / Unsure","Unsicher / Unsure","Zustimmung der Person / Consent of the individual;Zustimmung der Familie / Consent of family;Datenschutz / Data protection","Verst√§rkte Nutzung / Increased use","Vielleicht / Maybe","Ja / Yes",""
"2025/09/02 7:35:32 AM OESZ","25-34","Weiblich / Female","Bachelor","Ja/Yes","Nein/No","Ja/Yes","Ja /Yes","Eher nein / Rather no","Stimme / Voice;Pers√∂nlichkeit / Personality;Erinnerungen / Memories","2","1","Verwirrung / Confusion;Unbehagen / Discomfort","5","5","Avatar darf nicht erstellt werden / Should not be created","Schm√§lert / Detracts","Negativ / Negative","Zustimmung der Person / Consent of the individual;Keine kommerzielle Nutzung / No commercial use","Unsicher / Unsure","Nein / No","Nein / No",""
"2025/09/02 10:17:04 AM OESZ","65+","M√§nnlich / Male","Bachelor","Ja/Yes","Nein/No","Nein/No","Nein / No","Eher ja / Rather yes","Stimme / Voice;Gesicht / Appearance;Pers√∂nlichkeit / Personality","2","1","Verwirrung / Confusion","1","4","Avatar darf nicht erstellt werden / Should not be created","Tr√§gt bei / Contributes","Negativ / Negative","Zustimmung der Person / Consent of the individual;Zustimmung der Familie / Consent of family;Keine kommerzielle Nutzung / No commercial use","Begrenzte Nutzung / Limited use","Nein / No","Nein / No",""
"2025/09/02 12:12:47 PM OESZ","25-34","M√§nnlich / Male","Abitur / College entrance qualification","Ja/Yes","Nein/No","Ja/Yes","Unsicher / Unsure","Eher nein / Rather no","Pers√∂nlichkeit / Personality;Werte & √úberzeugungen / Values & beliefs","1","1","Unbehagen / Discomfort","5","5","Avatar darf genutzt werden, wenn vorher Zustimmung der Person vorlag / Can be used if prior consent exists","Unsicher / Unsure","Negativ / Negative","Zustimmung der Person / Consent of the individual;Datenschutz / Data protection","Unsicher / Unsure","Nein / No","Nein / No",""
"2025/09/02 12:35:58 PM OESZ","50-64","Weiblich / Female","Mittlere Reife / High school","Ja/Yes","Ja/Yes","Nein/No","Unsicher / Unsure","Eher ja / Rather yes","Stimme / Voice;Pers√∂nlichkeit / Personality;Werte & √úberzeugungen / Values & beliefs","1","1","Unbehagen / Discomfort","5","5","Avatar darf nicht erstellt werden / Should not be created","Unsicher / Unsure","Negativ / Negative","Keine kommerzielle Nutzung / No commercial use","Unsicher / Unsure","Nein / No","Nein / No",""
"2025/09/02 2:31:29 PM OESZ","18-24","M√§nnlich / Male","Abitur / College entrance qualification","Nein/No","Nein/No","Ja/Yes","Nein / No","Eher nein / Rather no","Schreibstil / Writing style;Pers√∂nlichkeit / Personality;Erinnerungen / Memories;Werte & √úberzeugungen / Values & beliefs","2","1","Unbehagen / Discomfort;Traurigkeit / Sadness","5","5","Avatar darf genutzt werden, wenn vorher Zustimmung der Person vorlag / Can be used if prior consent exists","Unsicher / Unsure","Negativ / Negative","Zustimmung der Person / Consent of the individual;Datenschutz / Data protection","Unsicher / Unsure","Vielleicht / Maybe","Nein / No",""
"2025/09/02 3:25:18 PM OESZ","25-34","M√§nnlich / Male","Master","Ja/Yes","Ja/Yes","Ja/Yes","Nein / No","Nein, auf keinen Fall / No, definitely not","Stimme / Voice;Gesicht / Appearance;Schreibstil / Writing style;Pers√∂nlichkeit / Personality;Erinnerungen / Memories;Werte & √úberzeugungen / Values & beliefs","1","1","Verwirrung / Confusion;Unbehagen / Discomfort;Traurigkeit / Sadness","5","5","Avatar darf nicht erstellt werden / Should not be created","Schm√§lert / Detracts","Negativ / Negative","Zustimmung der Person / Consent of the individual;Zustimmung der Familie / Consent of family;Datenschutz / Data protection;Zeitliche Begrenzung / Time limitation;Keine kommerzielle Nutzung / No commercial use","Es wird verboten werden / It will be banned","Nein / No","Nein / No",""
"2025/09/02 6:52:13 PM OESZ","25-34","M√§nnlich / Male","Bachelor","Ja/Yes","Ja/Yes","Nein/No","Ja /Yes","Unsicher / Unsure","Stimme / Voice;Gesicht / Appearance;Schreibstil / Writing style;Pers√∂nlichkeit / Personality;Erinnerungen / Memories;Werte & √úberzeugungen / Values & beliefs","3","3","Trost / Comfort;Nostalgie / Nostalgia;Verwirrung / Confusion;Unbehagen / Discomfort;Freude / Joy;Traurigkeit / Sadness","5","4","Avatar darf nicht erstellt werden / Should not be created","Tr√§gt bei / Contributes","Positiv / Positive","Zustimmung der Familie / Consent of family;Datenschutz / Data protection","Verst√§rkte Nutzung / Increased use","Ja / Yes","Vielleicht / Maybe",""
"2025/09/02 8:17:30 PM OESZ","50-64","M√§nnlich / Male","Abitur / College entrance qualification","Nein/No","Nein/No","Nein/No","Ja /Yes","Eher nein / Rather no","Stimme / Voice;Gesicht / Appearance;Schreibstil / Writing style;Pers√∂nlichkeit / Personality;Werte & √úberzeugungen / Values & beliefs","1","1","Unbehagen / Discomfort","5","5","Avatar darf nicht erstellt werden / Should not be created","Tr√§gt bei / Contributes","Unsicher / Unsure","Zustimmung der Person / Consent of the individual;Zustimmung der Familie / Consent of family;Datenschutz / Data protection;Keine kommerzielle Nutzung / No commercial use","Begrenzte Nutzung / Limited use","Nein / No","Vielleicht / Maybe",""
"2025/09/02 9:56:26 PM OESZ","35-49","M√§nnlich / Male","Promotion / Doctorate","Ja/Yes","Nein/No","Ja/Yes","Ja /Yes","Eher nein / Rather no","Stimme / Voice;Gesicht / Appearance;Pers√∂nlichkeit / Personality;Erinnerungen / Memories","4","2","Verwirrung / Confusion;Traurigkeit / Sadness","4","5","Avatar darf genutzt werden, wenn vorher Zustimmung der Person vorlag / Can be used if prior consent exists","Schm√§lert / Detracts","Negativ / Negative","Zustimmung der Person / Consent of the individual;Keine kommerzielle Nutzung / No commercial use","Begrenzte Nutzung / Limited use","Ja / Yes","Vielleicht / Maybe","Reminds of Black Mirror (Season 8) -Episode Eulogy "
"2025/09/03 8:19:48 AM OESZ","35-49","M√§nnlich / Male","Sonstiges/other","Nein/No","Nein/No","Ja/Yes","Ja /Yes","Unsicher / Unsure","Stimme / Voice;Gesicht / Appearance;Pers√∂nlichkeit / Personality;Erinnerungen / Memories;Werte & √úberzeugungen / Values & beliefs","2","1","Trost / Comfort;Unbehagen / Discomfort","5","5","Avatar darf nicht erstellt werden / Should not be created","Tr√§gt bei / Contributes","Unsicher / Unsure","Zustimmung der Person / Consent of the individual;Datenschutz / Data protection;Keine kommerzielle Nutzung / No commercial use","Begrenzte Nutzung / Limited use","Vielleicht / Maybe","Vielleicht / Maybe",""
"2025/09/03 11:11:18 PM OESZ","25-34","M√§nnlich / Male","Sonstiges/other","Ja/Yes","Ja/Yes","Ja/Yes","Nein / No","Eher ja / Rather yes","Schreibstil / Writing style;Pers√∂nlichkeit / Personality;Erinnerungen / Memories;Werte & √úberzeugungen / Values & beliefs","2","2","Unbehagen / Discomfort","5","5","Avatar darf nicht erstellt werden / Should not be created","Unsicher / Unsure","Neutral","Zustimmung der Person / Consent of the individual;Datenschutz / Data protection","Begrenzte Nutzung / Limited use","Nein / No","Nein / No",""
"2025/09/04 10:31:15 PM OESZ","18-24","Weiblich / Female","Bachelor","Ja/Yes","Ja/Yes","Ja/Yes","Unsicher / Unsure","Eher nein / Rather no","Stimme / Voice;Gesicht / Appearance;Schreibstil / Writing style;Pers√∂nlichkeit / Personality;Erinnerungen / Memories;Werte & √úberzeugungen / Values & beliefs","1","2","Trost / Comfort;Unbehagen / Discomfort","5","5","Avatar darf genutzt werden, wenn vorher Zustimmung der Person vorlag / Can be used if prior consent exists","Unsicher / Unsure","Negativ / Negative","Zustimmung der Person / Consent of the individual;Zustimmung der Familie / Consent of family;Datenschutz / Data protection;Zeitliche Begrenzung / Time limitation;Keine kommerzielle Nutzung / No commercial use","Verst√§rkte Nutzung / Increased use","Nein / No","Nein / No",""
"2025/09/04 10:36:54 PM OESZ","25-34","M√§nnlich / Male","Bachelor","Ja/Yes","Nein/No","Ja/Yes","Ja /Yes","Unsicher / Unsure","Schreibstil / Writing style;Pers√∂nlichkeit / Personality;Werte & √úberzeugungen / Values & beliefs","3","1","Skepsis","5","5","Avatar darf nicht erstellt werden / Should not be created","Schm√§lert / Detracts","Negativ / Negative","Zustimmung der Person / Consent of the individual;Zustimmung der Familie / Consent of family;Datenschutz / Data protection;Keine kommerzielle Nutzung / No commercial use","Verst√§rkte Nutzung / Increased use","Vielleicht / Maybe","Nein / No",""
"2025/09/04 10:41:47 PM OESZ","25-34","M√§nnlich / Male","Mittlere Reife / High school","Ja/Yes","Ja/Yes","Ja/Yes","Ja /Yes","Eher ja / Rather yes","Pers√∂nlichkeit / Personality;Erinnerungen / Memories","3","4","Trost / Comfort;Nostalgie / Nostalgia;Freude / Joy","5","4","Avatar darf nicht genutzt werden / Should not be used","Tr√§gt bei / Contributes","Positiv / Positive","Datenschutz / Data protection;Keine kommerzielle Nutzung / No commercial use","Unsicher / Unsure","Vielleicht / Maybe","Ja / Yes",""
"2025/09/04 10:50:52 PM OESZ","18-24","M√§nnlich / Male","Abitur / College entrance qualification","Ja/Yes","Ja/Yes","Ja/Yes","Ja /Yes","Eher nein / Rather no","Gesicht / Appearance;Schreibstil / Writing style;Pers√∂nlichkeit / Personality;Werte & √úberzeugungen / Values & beliefs","2","1","Nostalgie / Nostalgia;Unbehagen / Discomfort;Traurigkeit / Sadness","4","2","Avatar darf genutzt werden, wenn vorher Zustimmung der Person vorlag / Can be used if prior consent exists","Schm√§lert / Detracts","Unsicher / Unsure","Zustimmung der Person / Consent of the individual;Datenschutz / Data protection;Zeitliche Begrenzung / Time limitation;Keine kommerzielle Nutzung / No commercial use","Es wird ein vor√ºbergehender Trend / It will be a temporary trend","Nein / No","Nein / No",""
"2025/09/04 11:04:42 PM OESZ","25-34","Divers / Non-binary / Other","Abitur / College entrance qualification","Ja/Yes","Nein/No","Ja/Yes","Ja /Yes","Eher nein / Rather no","Pers√∂nlichkeit / Personality;Erinnerungen / Memories","3","1","Freude / Joy","5","5","Avatar darf nicht erstellt werden / Should not be created","Unsicher / Unsure","Unsicher / Unsure","Zustimmung der Person / Consent of the individual;Zustimmung der Familie / Consent of family;Datenschutz / Data protection;Keine kommerzielle Nutzung / No commercial use","Verst√§rkte Nutzung / Increased use","Vielleicht / Maybe","Nein / No",""
"2025/09/05 7:49:03 AM OESZ","25-34","Weiblich / Female","Abitur / College entrance qualification","Ja/Yes","Nein/No","Nein/No","Unsicher / Unsure","Eher nein / Rather no","Stimme / Voice;Gesicht / Appearance;Schreibstil / Writing style;Pers√∂nlichkeit / Personality;Erinnerungen / Memories;Werte & √úberzeugungen / Values & beliefs","2","1","Verwirrung / Confusion;Unbehagen / Discomfort;Traurigkeit / Sadness","5","5","Avatar darf nicht erstellt werden / Should not be created","Unsicher / Unsure","Unsicher / Unsure","Zustimmung der Person / Consent of the individual;Zustimmung der Familie / Consent of family;Datenschutz / Data protection","Verst√§rkte Nutzung / Increased use","Vielleicht / Maybe","Nein / No","Somehow freaks me out just not 100% knowing what AI will be able to do etc"
"2025/09/05 8:59:05 AM OESZ","18-24","M√§nnlich / Male","Mittlere Reife / High school","Ja/Yes","Ja/Yes","Ja/Yes","Ja /Yes","Nein, auf keinen Fall / No, definitely not","Stimme / Voice;Gesicht / Appearance;Schreibstil / Writing style;Pers√∂nlichkeit / Personality;Erinnerungen / Memories;Werte & √úberzeugungen / Values & beliefs","1","1","Unbehagen / Discomfort","5","5","Avatar darf genutzt werden, wenn vorher Zustimmung der Person vorlag / Can be used if prior consent exists","Unsicher / Unsure","Negativ / Negative","Zustimmung der Person / Consent of the individual;Datenschutz / Data protection;Zeitliche Begrenzung / Time limitation;Keine kommerzielle Nutzung / No commercial use","Verst√§rkte Nutzung / Increased use","Nein / No","Nein / No",""
"2025/09/05 9:21:42 AM OESZ","25-34","Weiblich / Female","Master","Ja/Yes","Ja/Yes","Ja/Yes","Unsicher / Unsure","Eher nein / Rather no","Stimme / Voice;Gesicht / Appearance;Pers√∂nlichkeit / Personality;Erinnerungen / Memories;Werte & √úberzeugungen / Values & beliefs","3","2","Trost / Comfort;Nostalgie / Nostalgia;Verwirrung / Confusion;Unbehagen / Discomfort","5","5","Avatar darf genutzt werden, wenn vorher Zustimmung der Person vorlag / Can be used if prior consent exists","Unsicher / Unsure","Unsicher / Unsure","Zustimmung der Person / Consent of the individual;Zustimmung der Familie / Consent of family;Datenschutz / Data protection;Keine kommerzielle Nutzung / No commercial use","Verst√§rkte Nutzung / Increased use","Vielleicht / Maybe","Vielleicht / Maybe",""
"2025/09/05 10:03:50 AM OESZ","25-34","M√§nnlich / Male","Mittlere Reife / High school","Ja/Yes","Ja/Yes","Ja/Yes","Ja /Yes","Eher nein / Rather no","Pers√∂nlichkeit / Personality;Erinnerungen / Memories;Werte & √úberzeugungen / Values & beliefs;Soul","2","1","Verwirrung / Confusion;Unbehagen / Discomfort","5","5","Avatar darf nicht erstellt werden / Should not be created","Unsicher / Unsure","Negativ / Negative","Zustimmung der Person / Consent of the individual;Zustimmung der Familie / Consent of family;Datenschutz / Data protection;Keine kommerzielle Nutzung / No commercial use","Es wird ein vor√ºbergehender Trend / It will be a temporary trend","Ja / Yes","Nein / No",""
"2025/09/05 10:35:37 AM OESZ","25-34","Divers / Non-binary / Other","Bachelor","Ja/Yes","Ja/Yes","Ja/Yes","Unsicher / Unsure","Nein, auf keinen Fall / No, definitely not","Stimme / Voice;Gesicht / Appearance;Schreibstil / Writing style;Pers√∂nlichkeit / Personality;Erinnerungen / Memories;Werte & √úberzeugungen / Values & beliefs;K√∂rperlichkeit","2","1","Verwirrung / Confusion;Unbehagen / Discomfort;Traurigkeit / Sadness","5","5","Avatar darf genutzt werden, wenn vorher Zustimmung der Person vorlag / Can be used if prior consent exists","Tr√§gt bei / Contributes","Negativ / Negative","Zustimmung der Person / Consent of the individual;Datenschutz / Data protection;Zeitliche Begrenzung / Time limitation;Keine kommerzielle Nutzung / No commercial use","Es wird ein vor√ºbergehender Trend / It will be a temporary trend","Nein / No","Nein / No","KI kann niemals eine vollst√§ndige Pers√∂nlichkeit eines Menschen nachahmen, da es keine K√∂rperlichkeit besitzt. Auch bei zeitlicher Begrenzung eines solchen Avatars ist fragw√ºrdig, ob die Daten auf Seiten der KI-Unternehmen wirklich gel√∂scht werden."
"2025/09/05 11:17:25 AM OESZ","25-34","Weiblich / Female","Abitur / College entrance qualification","Ja/Yes","Ja/Yes","Ja/Yes","Unsicher / Unsure","Eher nein / Rather no","Stimme / Voice;Gesicht / Appearance;Schreibstil / Writing style;Pers√∂nlichkeit / Personality;Erinnerungen / Memories;Werte & √úberzeugungen / Values & beliefs","2","2","Unbehagen / Discomfort","5","5","Avatar darf genutzt werden, wenn vorher Zustimmung der Person vorlag / Can be used if prior consent exists","Unsicher / Unsure","Negativ / Negative","Zustimmung der Person / Consent of the individual;Datenschutz / Data protection;Keine kommerzielle Nutzung / No commercial use","Es wird verboten werden / It will be banned","Nein / No","Nein / No",""
"2025/09/05 12:14:25 PM OESZ","25-34","Weiblich / Female","Mittlere Reife / High school","Ja/Yes","Ja/Yes","Ja/Yes","Unsicher / Unsure","Eher nein / Rather no","Pers√∂nlichkeit / Personality;Erinnerungen / Memories;Werte & √úberzeugungen / Values & beliefs","3","2","Nostalgie / Nostalgia","5","4","Avatar darf nicht erstellt werden / Should not be created","Tr√§gt bei / Contributes","Negativ / Negative","Zustimmung der Person / Consent of the individual;Zeitliche Begrenzung / Time limitation;Keine kommerzielle Nutzung / No commercial use","Verst√§rkte Nutzung / Increased use","Nein / No","Nein / No",""
"2025/09/05 3:19:03 PM OESZ","25-34","Weiblich / Female","Abitur / College entrance qualification","Ja/Yes","Ja/Yes","Ja/Yes","Ja /Yes","Eher nein / Rather no","Stimme / Voice;Gesicht / Appearance;Werte & √úberzeugungen / Values & beliefs","3","2","Nostalgie / Nostalgia;Unbehagen / Discomfort","5","5","Avatar darf genutzt werden, wenn vorher Zustimmung der Person vorlag / Can be used if prior consent exists","Unsicher / Unsure","Unsicher / Unsure","Zustimmung der Person / Consent of the individual;Zustimmung der Familie / Consent of family;Datenschutz / Data protection;Zeitliche Begrenzung / Time limitation;Keine kommerzielle Nutzung / No commercial use","Verst√§rkte Nutzung / Increased use","Vielleicht / Maybe","Vielleicht / Maybe",""
"2025/09/05 5:33:12 PM OESZ","18-24","M√§nnlich / Male","Mittlere Reife / High school","Ja/Yes","Nein/No","Ja/Yes","Ja /Yes","Unsicher / Unsure","Stimme / Voice;Gesicht / Appearance;Pers√∂nlichkeit / Personality;Erinnerungen / Memories;Werte & √úberzeugungen / Values & beliefs","3","4","Trost / Comfort;Nostalgie / Nostalgia;Unbehagen / Discomfort;Traurigkeit / Sadness","5","5","Avatar darf nicht genutzt werden / Should not be used","Tr√§gt bei / Contributes","Unsicher / Unsure","Zustimmung der Person / Consent of the individual;Zustimmung der Familie / Consent of family;Datenschutz / Data protection;Keine kommerzielle Nutzung / No commercial use","Verst√§rkte Nutzung / Increased use","Ja / Yes","Ja / Yes",""
"2025/09/05 10:01:18 PM OESZ","25-34","M√§nnlich / Male","Abitur / College entrance qualification","Ja/Yes","Nein/No","Ja/Yes","Unsicher / Unsure","Eher nein / Rather no","Stimme / Voice;Gesicht / Appearance;Schreibstil / Writing style;Pers√∂nlichkeit / Personality;Erinnerungen / Memories;Werte & √úberzeugungen / Values & beliefs","1","1","Nostalgie / Nostalgia;Verwirrung / Confusion;Unbehagen / Discomfort","5","5","Avatar darf nicht erstellt werden / Should not be created","Schm√§lert / Detracts","Negativ / Negative","Zustimmung der Person / Consent of the individual;Datenschutz / Data protection;Keine kommerzielle Nutzung / No commercial use","Verst√§rkte Nutzung / Increased use","Nein / No","Nein / No","I believe that AI is going to be used more in the future for Avatars and Legacy Avatars. I don‚Äôt feel that it is morally or ethically right, and it also doesn‚Äôt feel natural to side-step grief with a synthetic representation or a deceased love one. I know others may feel different and that‚Äôs okay. It may help someone else‚Äôs grieving process, but for me, I think it upsets a natural order. "
"2025/09/05 10:56:10 PM OESZ","25-34","Divers / Non-binary / Other","Abitur / College entrance qualification","Ja/Yes","Nein/No","Nein/No","Unsicher / Unsure","Nein, auf keinen Fall / No, definitely not","Stimme / Voice;Gesicht / Appearance;Schreibstil / Writing style;Pers√∂nlichkeit / Personality;Erinnerungen / Memories;Werte & √úberzeugungen / Values & beliefs","1","1","Verwirrung / Confusion;Unbehagen / Discomfort","5","5","Avatar darf genutzt werden, wenn vorher Zustimmung der Person vorlag / Can be used if prior consent exists","Unsicher / Unsure","Negativ / Negative","Zustimmung der Person / Consent of the individual;Datenschutz / Data protection;Keine kommerzielle Nutzung / No commercial use","Unsicher / Unsure","Nein / No","Nein / No",""
"2025/09/06 4:03:36 PM OESZ","18-24","Weiblich / Female","Abitur / College entrance qualification","Ja/Yes","Ja/Yes","Ja/Yes","Unsicher / Unsure","Nein, auf keinen Fall / No, definitely not","Schreibstil / Writing style;Pers√∂nlichkeit / Personality;Erinnerungen / Memories;Werte & √úberzeugungen / Values & beliefs","2","1","Unbehagen / Discomfort;Ich empfinde auch Sorge, da ich denke das solche Avatare das Risiko parasozialer Bindungen steigern lassen. Nutzer k√∂nnten derartigen Avataren Eigenschaften wie Empathie oder Verbindlichkeit zuschreiben. Teilweise stelle ich mir auch vor das Grenzen nicht klar zu ziehen sind und Bindung aufgebaut werden, die im realen Leben zur nachgeahmten Person so nie entstehen w√ºrde.","5","5","Avatar darf genutzt werden, wenn vorher Zustimmung der Person vorlag / Can be used if prior consent exists","Unsicher / Unsure","Unsicher / Unsure","Zustimmung der Person / Consent of the individual;Zustimmung der Familie / Consent of family;Datenschutz / Data protection;Zeitliche Begrenzung / Time limitation;Keine kommerzielle Nutzung / No commercial use","Verst√§rkte Nutzung / Increased use","Nein / No","Nein / No","Ich sehe Potenzial, dass vielleicht KI positive Effekte im Trauerprozess haben kann, auch wenn ich mir f√ºr mich selbst unsicher bin. Gleichzeitig bef√ºrchte ich das bei Menschen in tiefer Trauer grenzverwischte, einseitige Bindungen entstehen k√∂nnen, wenn man diese in einem nicht kontrollierten Umfeld nutzt. Deshalb sollten solche Avatare, im psychologischen Kontext nur als Werkzeug dienen und mit fachlicher Begleitung, genutzt werden."
"2025/09/07 12:58:28 AM OESZ","35-49","M√§nnlich / Male","Bachelor","Ja/Yes","Ja/Yes","Ja/Yes","Ja /Yes","Eher nein / Rather no","Stimme / Voice;Gesicht / Appearance;Schreibstil / Writing style;Pers√∂nlichkeit / Personality;Erinnerungen / Memories;Werte & √úberzeugungen / Values & beliefs;Ego and insecurities ","3","3","Nostalgie / Nostalgia;Traurigkeit / Sadness;","5","5","Avatar darf nicht erstellt werden / Should not be created","Unsicher / Unsure","Neutral","Zustimmung der Person / Consent of the individual;Zustimmung der Familie / Consent of family;Datenschutz / Data protection;Keine kommerzielle Nutzung / No commercial use","","Nein / No","Nein / No",""
"2025/09/08 2:06:08 AM OESZ","25-34","M√§nnlich / Male","Abitur / College entrance qualification","Ja/Yes","Nein/No","Ja/Yes","Unsicher / Unsure","Eher ja / Rather yes","Stimme / Voice;Gesicht / Appearance;Schreibstil / Writing style;Pers√∂nlichkeit / Personality;Erinnerungen / Memories","1","1","Unbehagen / Discomfort;Traurigkeit / Sadness","5","5","Avatar darf nicht genutzt werden / Should not be used","Schm√§lert / Detracts","Negativ / Negative","Zustimmung der Person / Consent of the individual;Zustimmung der Familie / Consent of family;Datenschutz / Data protection;Zeitliche Begrenzung / Time limitation;Keine kommerzielle Nutzung / No commercial use","Es wird ein vor√ºbergehender Trend / It will be a temporary trend","Nein / No","Nein / No",""
"2025/09/08 8:56:15 AM OESZ","25-34","M√§nnlich / Male","Abitur / College entrance qualification","Nein/No","Nein/No","Ja/Yes","Unsicher / Unsure","Eher ja / Rather yes","Stimme / Voice;Gesicht / Appearance;Pers√∂nlichkeit / Personality;Werte & √úberzeugungen / Values & beliefs","2","1","Trost / Comfort;Nostalgie / Nostalgia;Unbehagen / Discomfort","5","5","Avatar darf genutzt werden, wenn vorher Zustimmung der Person vorlag / Can be used if prior consent exists","Unsicher / Unsure","Negativ / Negative","Zustimmung der Person / Consent of the individual;Zustimmung der Familie / Consent of family;Datenschutz / Data protection;Zeitliche Begrenzung / Time limitation;Keine kommerzielle Nutzung / No commercial use","Unsicher / Unsure","Nein / No","Nein / No",""
"2025/09/08 9:12:05 AM OESZ","35-49","Weiblich / Female","Master","Ja/Yes","Ja/Yes","Ja/Yes","Ja /Yes","Nein, auf keinen Fall / No, definitely not","Stimme / Voice;Gesicht / Appearance;Schreibstil / Writing style;Pers√∂nlichkeit / Personality;Erinnerungen / Memories;Werte & √úberzeugungen / Values & beliefs","3","1","Unbehagen / Discomfort","5","5","Avatar darf nicht erstellt werden / Should not be created","Unsicher / Unsure","Negativ / Negative","Zustimmung der Person / Consent of the individual;Zustimmung der Familie / Consent of family;Datenschutz / Data protection;Zeitliche Begrenzung / Time limitation;Keine kommerzielle Nutzung / No commercial use","Begrenzte Nutzung / Limited use","Vielleicht / Maybe","Nein / No",""
"2025/09/08 12:18:27 PM OESZ","18-24","Weiblich / Female","Mittlere Reife / High school","Ja/Yes","Ja/Yes","Ja/Yes","Nein / No","Unsicher / Unsure","Stimme / Voice;Gesicht / Appearance;Pers√∂nlichkeit / Personality;Erinnerungen / Memories","1","1","Verwirrung / Confusion;Unbehagen / Discomfort;Traurigkeit / Sadness","5","5","Avatar darf nicht erstellt werden / Should not be created","Schm√§lert / Detracts","Unsicher / Unsure","Zustimmung der Person / Consent of the individual;Zustimmung der Familie / Consent of family;Datenschutz / Data protection;Zeitliche Begrenzung / Time limitation;Keine kommerzielle Nutzung / No commercial use","Begrenzte Nutzung / Limited use","Nein / No","Nein / No",""
"2025/09/08 2:59:41 PM OESZ","25-34","M√§nnlich / Male","Abitur / College entrance qualification","Ja/Yes","Ja/Yes","Ja/Yes","Nein / No","Nein, auf keinen Fall / No, definitely not","Stimme / Voice;Gesicht / Appearance;Schreibstil / Writing style;Pers√∂nlichkeit / Personality;Erinnerungen / Memories;Werte & √úberzeugungen / Values & beliefs","1","1","Unbehagen / Discomfort","5","5","Avatar darf nicht erstellt werden / Should not be created","Unsicher / Unsure","Negativ / Negative","Zustimmung der Person / Consent of the individual;Zustimmung der Familie / Consent of family;Datenschutz / Data protection;Keine kommerzielle Nutzung / No commercial use","Begrenzte Nutzung / Limited use","Nein / No","Nein / No",""
"2025/09/08 3:39:58 PM OESZ","18-24","Divers / Non-binary / Other","Abitur / College entrance qualification","Ja/Yes","Ja/Yes","Ja/Yes","Unsicher / Unsure","Eher nein / Rather no","Stimme / Voice;Gesicht / Appearance;Schreibstil / Writing style;Pers√∂nlichkeit / Personality;Erinnerungen / Memories;Werte & √úberzeugungen / Values & beliefs","1","1","Verwirrung / Confusion;Unbehagen / Discomfort;Als w√ºrde ich keinen Respekt vor der Person haben/zeigen","5","4","Avatar darf genutzt werden, wenn vorher Zustimmung der Person vorlag / Can be used if prior consent exists","Schm√§lert / Detracts","Negativ / Negative","Zustimmung der Person / Consent of the individual;Datenschutz / Data protection;Keine kommerzielle Nutzung / No commercial use","Verst√§rkte Nutzung / Increased use","Nein / No","Nein / No","Ich finde den Gedanken gruselig. Eine Person verstirbt & trauernde Personen aus dem nahen Umfeld sprechen/schreiben nur noch mit diesem KI Avatar, anstatt sich mit anderen echten Personen zu unterhalten. So √ºber die Trauer wirklich sprechen zu k√∂nnen und diese zu verarbeiten. 

Die Person bleibt dann in einer Art ""Bubble"" aus Verdr√§ngung, da die ""Person"" ja immer noch da ist. Wenn auch als KI Avatar.

Dazu muss ich sagen, dass ich gegen√ºber der KI Entwicklung eher negativ eingestellt bin. Ich f√§nde es erschreckend, wenn die Menschen sich immer weiter entzweihen und nur noch mit KI Avataren, Chatbots etc. sprechen. 

Das w√§ren erstmal meine Gedanken dazu :)"
"2025/09/08 4:05:12 PM OESZ","18-24","M√§nnlich / Male","Abitur / College entrance qualification","Ja/Yes","Nein/No","Ja/Yes","Ja /Yes","Eher nein / Rather no","Stimme / Voice;Gesicht / Appearance;Pers√∂nlichkeit / Personality;Erinnerungen / Memories;Werte & √úberzeugungen / Values & beliefs","2","1","Verwirrung / Confusion;Unbehagen / Discomfort","5","3","Avatar darf nicht erstellt werden / Should not be created","Unsicher / Unsure","Unsicher / Unsure","Zustimmung der Person / Consent of the individual;Zustimmung der Familie / Consent of family;Datenschutz / Data protection;Keine kommerzielle Nutzung / No commercial use","Es wird ein vor√ºbergehender Trend / It will be a temporary trend","Ja / Yes","Nein / No",""
"2025/09/08 9:07:20 PM OESZ","25-34","M√§nnlich / Male","Mittlere Reife / High school","Nein/No","Nein/No","Ja/Yes","Ja /Yes","Eher ja / Rather yes","Stimme / Voice;Gesicht / Appearance;Schreibstil / Writing style;Pers√∂nlichkeit / Personality;Erinnerungen / Memories;Werte & √úberzeugungen / Values & beliefs","4","2","kommt drauf an w√ºrde ich sagen. Bei engen Familienangeh√∂rigen vermutlich trauer.","5","5","Avatar darf nicht erstellt werden / Should not be created","Unsicher / Unsure","Negativ / Negative","Zustimmung der Person / Consent of the individual;Datenschutz / Data protection;Keine kommerzielle Nutzung / No commercial use","Es wird verboten werden / It will be banned","Vielleicht / Maybe","Vielleicht / Maybe","Kann mein KI Abbild bitte einen l√§ngeren schlong und schlanker sein, als ich es bin. Ich denke dann k√∂nnte meine Frau im Falle eines Falles schneller √ºber meinen Tod hinwegkommen."
"2025/09/08 9:29:39 PM OESZ","25-34","M√§nnlich / Male","Abitur / College entrance qualification","Ja/Yes","Ja/Yes","Ja/Yes","Ja /Yes","Unsicher / Unsure","Schreibstil / Writing style;Pers√∂nlichkeit / Personality;Werte & √úberzeugungen / Values & beliefs","4","4","Freude / Joy","5","4","Avatar darf nicht erstellt werden / Should not be created","Unsicher / Unsure","Neutral","Zustimmung der Person / Consent of the individual;Datenschutz / Data protection","Es wird ein vor√ºbergehender Trend / It will be a temporary trend","Ja / Yes","Vielleicht / Maybe",""
"2025/09/09 2:12:27 PM OESZ","25-34","Weiblich / Female","Bachelor","Ja/Yes","Ja/Yes","Ja/Yes","Ja /Yes","Eher nein / Rather no","Stimme / Voice;Gesicht / Appearance;Schreibstil / Writing style;Pers√∂nlichkeit / Personality;Erinnerungen / Memories;Werte & √úberzeugungen / Values & beliefs","4","3","Nostalgie / Nostalgia;Unbehagen / Discomfort;Freude / Joy","5","5","Avatar darf genutzt werden, wenn vorher Zustimmung der Person vorlag / Can be used if prior consent exists","Tr√§gt bei / Contributes","Positiv / Positive","Zustimmung der Person / Consent of the individual;Zustimmung der Familie / Consent of family;Datenschutz / Data protection;Keine kommerzielle Nutzung / No commercial use","Es wird ein vor√ºbergehender Trend / It will be a temporary trend","Nein / No","Nein / No",""